gender,SeniorCitizen,Partner,Dependents,tenure,PhoneService,MultipleLines,InternetService,OnlineSecurity,OnlineBackup,DeviceProtection,TechSupport,StreamingTV,StreamingMovies,Contract,PaperlessBilling,PaymentMethod,MonthlyCharges,TotalCharges
Male,0,No,No,4,Yes,Yes,Fiber optic,No,No,No,No,No,No,Month-to-month,Yes,Electronic check,74.35,265.35
Male,0,Yes,Yes,47,No,No phone service,DSL,Yes,No,Yes,Yes,No,No,One year,No,Electronic check,40.3,1794.8
Female,0,No,No,8,Yes,No,DSL,No,No,No,No,No,No,Month-to-month,No,Mailed check,44.45,369.3
Female,0,No,No,35,Yes,No,No,No internet service,No internet service,No internet service,No internet service,No internet service,No internet service,One year,No,Mailed check,21.1,741.0
Female,0,Yes,Yes,69,Yes,No,No,No internet service,No internet service,No internet service,No internet service,No internet service,No internet service,Two year,No,Bank transfer (automatic),19.75,1375.4
Female,0,Yes,No,21,Yes,Yes,Fiber optic,No,No,No,No,No,Yes,Month-to-month,Yes,Electronic check,86.5,1808.7
Male,0,No,No,1,No,No phone service,DSL,No,No,No,No,No,Yes,Month-to-month,Yes,Electronic check,35.55,35.55
Female,0,No,No,23,Yes,No,No,No internet service,No internet service,No internet service,No internet service,No internet service,No internet service,Month-to-month,Yes,Bank transfer (automatic),20.3,470.6
Male,0,No,No,66,Yes,No,No,No internet service,No internet service,No internet service,No internet service,No internet service,No internet service,Two year,No,Bank transfer (automatic),19.35,1240.8
Female,0,Yes,Yes,34,Yes,No,No,No internet service,No internet service,No internet service,No internet service,No internet service,No internet service,One year,Yes,Bank transfer (automatic),20.1,682.1
Male,0,No,No,50,No,No phone service,DSL,Yes,No,No,Yes,No,No,One year,Yes,Mailed check,35.4,1748.9
Female,0,No,No,69,Yes,Yes,DSL,Yes,Yes,No,Yes,No,No,Two year,Yes,Mailed check,66.9,4577.9
Female,0,Yes,Yes,47,Yes,No,No,No internet service,No internet service,No internet service,No internet service,No internet service,No internet service,Two year,No,Bank transfer (automatic),19.3,890.5
Male,0,No,No,38,Yes,No,DSL,No,No,Yes,Yes,No,Yes,One year,Yes,Mailed check,62.3,2354.8
Male,0,No,No,23,Yes,Yes,Fiber optic,No,No,No,Yes,Yes,No,Month-to-month,Yes,Electronic check,90.6,1943.2
Female,0,Yes,Yes,59,Yes,Yes,DSL,Yes,Yes,Yes,Yes,Yes,Yes,Two year,No,Credit card (automatic),90.3,5194.05
Male,0,Yes,Yes,67,Yes,Yes,Fiber optic,Yes,Yes,Yes,No,Yes,Yes,One year,Yes,Electronic check,111.3,7482.1
Female,0,Yes,No,23,Yes,No,DSL,Yes,No,Yes,Yes,No,Yes,One year,Yes,Bank transfer (automatic),68.75,1689.45
Male,0,Yes,No,72,Yes,Yes,DSL,Yes,Yes,Yes,Yes,Yes,Yes,Two year,Yes,Bank transfer (automatic),87.1,6230.1
Male,0,No,No,40,Yes,Yes,Fiber optic,No,Yes,Yes,No,Yes,Yes,Month-to-month,Yes,Mailed check,102.65,4108.15
Male,0,No,No,69,Yes,Yes,DSL,Yes,Yes,Yes,Yes,Yes,Yes,Two year,No,Mailed check,90.65,6322.1
Female,1,No,No,5,Yes,No,Fiber optic,No,No,Yes,No,No,No,Month-to-month,Yes,Credit card (automatic),75.55,349.65
Female,0,Yes,Yes,48,Yes,No,DSL,Yes,Yes,Yes,No,No,Yes,Two year,Yes,Credit card (automatic),70.1,3238.4
Male,0,Yes,Yes,72,Yes,Yes,No,No internet service,No internet service,No internet service,No internet service,No internet service,No internet service,Two year,No,Credit card (automatic),25.55,1867.7
Male,1,Yes,No,55,Yes,Yes,Fiber optic,No,Yes,Yes,Yes,Yes,Yes,Two year,Yes,Electronic check,113.6,6292.7
Male,0,No,No,28,Yes,No,No,No internet service,No internet service,No internet service,No internet service,No internet service,No internet service,One year,No,Credit card (automatic),18.25,534.7
Male,0,Yes,No,24,Yes,No,No,No internet service,No internet service,No internet service,No internet service,No internet service,No internet service,Two year,No,Mailed check,19.75,483.15
Male,0,No,No,44,Yes,No,Fiber optic,Yes,Yes,Yes,No,Yes,Yes,One year,Yes,Electronic check,106.05,4510.8
Male,1,Yes,No,72,Yes,Yes,No,No internet service,No internet service,No internet service,No internet service,No internet service,No internet service,Two year,Yes,Bank transfer (automatic),25.0,1802.55
Male,0,Yes,Yes,56,Yes,Yes,No,No internet service,No internet service,No internet service,No internet service,No internet service,No internet service,Two year,No,Bank transfer (automatic),24.15,1402.25
Female,0,No,No,18,Yes,No,Fiber optic,Yes,No,No,No,Yes,Yes,Month-to-month,Yes,Electronic check,96.05,1740.7
Male,0,Yes,Yes,26,Yes,No,Fiber optic,No,No,No,No,No,Yes,One year,No,Bank transfer (automatic),78.95,2034.25
Female,0,Yes,No,49,Yes,No,No,No internet service,No internet service,No internet service,No internet service,No internet service,No internet service,One year,No,Credit card (automatic),20.7,1032.05
Male,0,No,No,54,Yes,Yes,Fiber optic,No,No,Yes,No,No,Yes,Month-to-month,No,Credit card (automatic),89.4,4869.5
Male,0,Yes,Yes,72,Yes,Yes,DSL,Yes,Yes,Yes,Yes,Yes,Yes,Two year,No,Credit card (automatic),89.85,6562.9
Male,0,No,Yes,10,Yes,No,No,No internet service,No internet service,No internet service,No internet service,No internet service,No internet service,One year,Yes,Bank transfer (automatic),19.95,219.5
Female,0,No,Yes,24,Yes,No,No,No internet service,No internet service,No internet service,No internet service,No internet service,No internet service,One year,No,Bank transfer (automatic),21.05,531.55
Female,0,No,No,12,Yes,No,No,No internet service,No internet service,No internet service,No internet service,No internet service,No internet service,One year,No,Mailed check,19.7,260.9
Male,0,Yes,Yes,68,Yes,Yes,DSL,Yes,Yes,Yes,Yes,Yes,Yes,Two year,Yes,Credit card (automatic),92.2,6392.85
Male,1,Yes,No,62,Yes,Yes,Fiber optic,No,Yes,Yes,No,Yes,Yes,One year,Yes,Electronic check,103.75,6383.35
Female,1,Yes,No,47,Yes,Yes,Fiber optic,No,No,Yes,No,Yes,Yes,Month-to-month,No,Electronic check,99.7,4747.2
Female,0,Yes,No,6,Yes,No,No,No internet service,No internet service,No internet service,No internet service,No internet service,No internet service,Month-to-month,No,Bank transfer (automatic),19.5,146.3
Female,0,Yes,Yes,12,Yes,No,DSL,No,No,Yes,No,Yes,No,Month-to-month,Yes,Credit card (automatic),58.35,740.55
Female,1,No,No,44,Yes,No,Fiber optic,No,Yes,Yes,No,No,Yes,One year,No,Credit card (automatic),89.15,3990.75
Male,0,No,No,9,Yes,No,Fiber optic,No,No,No,No,No,Yes,Month-to-month,Yes,Electronic check,80.8,713.1
Male,0,No,No,49,Yes,Yes,DSL,No,No,No,Yes,Yes,No,Two year,Yes,Bank transfer (automatic),66.15,3199.0
Female,0,Yes,No,48,Yes,No,DSL,No,Yes,Yes,No,No,Yes,One year,Yes,Electronic check,65.65,3094.65
Female,0,Yes,Yes,71,Yes,Yes,No,No internet service,No internet service,No internet service,No internet service,No internet service,No internet service,Two year,No,Bank transfer (automatic),24.7,1810.55
Male,0,No,Yes,4,Yes,No,DSL,Yes,No,No,No,No,No,Month-to-month,No,Electronic check,49.35,219.65
Male,0,Yes,Yes,65,Yes,No,No,No internet service,No internet service,No internet service,No internet service,No internet service,No internet service,Two year,No,Mailed check,19.9,1292.6
Male,0,Yes,No,3,No,No phone service,DSL,No,No,No,Yes,No,No,Month-to-month,Yes,Electronic check,29.9,92.25
Male,0,No,No,1,Yes,Yes,Fiber optic,No,Yes,No,No,No,Yes,Month-to-month,Yes,Credit card (automatic),90.85,90.85
Male,0,Yes,Yes,8,Yes,No,No,No internet service,No internet service,No internet service,No internet service,No internet service,No internet service,Month-to-month,Yes,Mailed check,19.35,152.6
Female,1,Yes,No,63,Yes,Yes,Fiber optic,No,Yes,Yes,No,Yes,Yes,Month-to-month,Yes,Electronic check,103.5,6479.4
Male,0,No,No,10,Yes,No,Fiber optic,Yes,No,Yes,No,Yes,Yes,One year,Yes,Electronic check,98.9,1064.95
Female,0,Yes,No,48,No,No phone service,DSL,Yes,No,Yes,No,No,Yes,Month-to-month,Yes,Bank transfer (automatic),45.3,2145.0
Female,1,No,No,2,Yes,No,Fiber optic,No,No,No,No,No,No,Month-to-month,No,Electronic check,70.75,154.85
Male,0,Yes,No,71,Yes,Yes,Fiber optic,Yes,Yes,Yes,Yes,Yes,Yes,Two year,Yes,Electronic check,116.25,8564.75
Female,0,No,No,15,Yes,No,DSL,Yes,No,Yes,Yes,No,No,Month-to-month,No,Electronic check,58.95,955.15
Female,0,No,No,13,Yes,No,Fiber optic,No,Yes,No,No,No,No,One year,Yes,Mailed check,74.65,966.25
Male,0,No,No,51,Yes,Yes,DSL,Yes,Yes,Yes,Yes,Yes,No,One year,Yes,Credit card (automatic),81.15,4126.2
Female,0,No,No,53,Yes,No,No,No internet service,No internet service,No internet service,No internet service,No internet service,No internet service,Two year,No,Credit card (automatic),19.85,1049.6
Female,0,No,No,46,Yes,Yes,Fiber optic,No,No,No,No,Yes,Yes,Month-to-month,No,Bank transfer (automatic),96.05,4399.5
Male,0,No,Yes,1,Yes,No,No,No internet service,No internet service,No internet service,No internet service,No internet service,No internet service,Month-to-month,No,Mailed check,20.05,20.05
Female,0,No,No,33,Yes,Yes,Fiber optic,No,Yes,No,No,Yes,Yes,Month-to-month,Yes,Electronic check,100.0,3320.6
Female,0,Yes,Yes,19,Yes,Yes,No,No internet service,No internet service,No internet service,No internet service,No internet service,No internet service,Two year,Yes,Bank transfer (automatic),24.9,467.7
Male,0,No,No,47,Yes,No,No,No internet service,No internet service,No internet service,No internet service,No internet service,No internet service,Two year,No,Bank transfer (automatic),20.45,943.0
Female,1,No,No,7,Yes,No,Fiber optic,Yes,No,No,No,No,No,Month-to-month,No,Bank transfer (automatic),76.45,503.6
Male,0,No,No,13,Yes,No,Fiber optic,No,Yes,Yes,No,No,No,Month-to-month,Yes,Electronic check,79.8,973.45
Male,0,No,Yes,13,Yes,No,Fiber optic,No,No,No,No,Yes,No,Month-to-month,Yes,Credit card (automatic),78.3,1033.95
